populacao_estimada,populacao_estimada
mean,std
35775.8800856531,172714.90153297002
29827.873834679925,117781.50581028173
42015.47111111111,140141.4066719447
53736.75779376499,364442.83261724055
25526.94122586062,88461.90441172678
