{"('populacao_estimada', 'mean')":{"Centro-Oeste":35775.8800856531,"Nordeste":29827.8738346799,"Norte":42015.4711111111,"Sudeste":53736.757793765,"Sul":25526.9412258606},"('populacao_estimada', 'std')":{"Centro-Oeste":172714.90153297,"Nordeste":117781.5058102817,"Norte":140141.4066719447,"Sudeste":364442.8326172406,"Sul":88461.9044117268}}